{
  "Author": "That one kid",
  "BossStatus": "FullBoss",
  "Compatibility": "Compatible",
  "DefuserDifficulty": "Easy",
  "Description": "Every time a module is solved, press the button. Tags: boss-module, button, simpleton, push, black-background",
  "ExpertDifficulty": "VeryEasy",
  "Ignore": [
    "+SolvesAtEnd",
    "\"14\"",
    "\"Cruel Purgatory\"",
    "\"Forget Enigma\"",
    "\"Forget Everything\"",
    "\"Forget It Not\"",
    "\"Forget Infinity\"",
    "\"Forget Me Later\"",
    "\"Forget Me Not\"",
    "\"Forget Perspective\"",
    "\"Forget Them All\"",
    "\"Forget This\"",
    "\"Forget Us Not\"",
    "\"Organization\"",
    "\"Purgatory\"",
    "\"Simon's Stages\"",
    "\"Souvenir\"",
    "\"Tallordered Keys\"",
    "\"The Time Keeper\"",
    "\"Timing is Everything\"",
    "\"The Troll\"",
    "\"Turn The Key\"",
    "\"Übermodule\"",
    "\"Ültimate Custom Night\"",
    "\"The Very Annoying Button\"",
    "\"Remember Simple\"",
    ""
  ],
  "ModuleID": "SimpleBoss",
  "Name": "Remember Simple",
  "Origin": "Mods",
  "Published": "2022-02-12",
  "Quirks": "SolvesAtEnd",
  "SortKey": "REMEMBERSIMPLE",
  "SourceUrl": "https://github.com/Kbushra/ktaneRememberSimple",
  "Souvenir": { "Status": "NotACandidate" },
  "SteamID": "2751485205",
  "Symbol": "Rmsp",
  "Type": "Regular"
}